{"cameraMode":{"drawMode":0,"name":"Shaded","section":"Shading Mode"},"sceneLighting":false,"audioPlay":false,"sceneViewState":{"m_AlwaysRefresh":false,"showFog":true,"showSkybox":false,"showFlares":true,"showImageEffects":true,"showParticleSystems":true,"showVisualEffectGraphs":true,"m_FxEnabled":true},"in2DMode":false,"pivot":{"x":241.17074584960938,"y":239.70672607421876,"z":-21.962160110473634},"rotation":{"x":0.032994095236063007,"y":0.0032937407959252598,"z":-0.00010866514639928937,"w":0.999450147151947},"size":0.25980034470558169,"orthographic":false}