{"cameraMode":{"drawMode":0,"name":"Shaded","section":"Shading Mode"},"sceneLighting":false,"audioPlay":false,"sceneViewState":{"m_AlwaysRefresh":false,"showFog":true,"showSkybox":true,"showFlares":true,"showImageEffects":true,"showParticleSystems":true,"showVisualEffectGraphs":true,"m_FxEnabled":true},"in2DMode":false,"pivot":{"x":184.07081604003907,"y":437.7453918457031,"z":4.313988208770752},"rotation":{"x":0.028495347127318383,"y":-0.008700817823410035,"z":0.00024814324569888413,"w":0.999555766582489},"size":115.83448791503906,"orthographic":false}