{"cameraMode":{"drawMode":0,"name":"Shaded","section":"Shading Mode"},"sceneLighting":false,"audioPlay":false,"sceneViewState":{"m_AlwaysRefresh":false,"showFog":true,"showSkybox":true,"showFlares":true,"showImageEffects":true,"showParticleSystems":true,"showVisualEffectGraphs":true,"m_FxEnabled":true},"in2DMode":false,"pivot":{"x":223.18338012695313,"y":330.63751220703127,"z":-1.627685546875},"rotation":{"x":0.028495198115706445,"y":0.009291625581681729,"z":-0.0002647855435498059,"w":0.999550461769104},"size":329.50628662109377,"orthographic":false}