{"cameraMode":{"drawMode":0,"name":"Shaded","section":"Shading Mode"},"sceneLighting":false,"audioPlay":false,"sceneViewState":{"m_AlwaysRefresh":false,"showFog":true,"showSkybox":true,"showFlares":true,"showImageEffects":true,"showParticleSystems":true,"showVisualEffectGraphs":true,"m_FxEnabled":true},"in2DMode":false,"pivot":{"x":287.7083740234375,"y":366.6725769042969,"z":-77.84805297851563},"rotation":{"x":-0.011999326758086682,"y":0.0032953042536973955,"z":0.000039716334867989644,"w":0.999920666217804},"size":374.06036376953127,"orthographic":false}