{"cameraMode":{"drawMode":0,"name":"Shaded","section":"Shading Mode"},"sceneLighting":false,"audioPlay":false,"sceneViewState":{"m_AlwaysRefresh":false,"showFog":true,"showSkybox":true,"showFlares":true,"showImageEffects":true,"showParticleSystems":true,"showVisualEffectGraphs":true,"m_FxEnabled":true},"in2DMode":false,"pivot":{"x":262.614501953125,"y":251.71762084960938,"z":259.61822509765627},"rotation":{"x":0.023997891694307329,"y":0.003294580150395632,"z":-0.00007898564217612147,"w":0.9997071027755737},"size":524.1595458984375,"orthographic":false}