{"cameraMode":{"drawMode":0,"name":"Shaded","section":"Shading Mode"},"sceneLighting":false,"audioPlay":false,"sceneViewState":{"m_AlwaysRefresh":false,"showFog":true,"showSkybox":true,"showFlares":true,"showImageEffects":true,"showParticleSystems":true,"showVisualEffectGraphs":true,"m_FxEnabled":true},"in2DMode":false,"pivot":{"x":323.7650451660156,"y":226.2879638671875,"z":-16.775596618652345},"rotation":{"x":0.032994095236063007,"y":0.0032937407959252598,"z":-0.00010866514639928937,"w":0.999450147151947},"size":242.59324645996095,"orthographic":false}