{"cameraMode":{"drawMode":0,"name":"Shaded","section":"Shading Mode"},"sceneLighting":false,"audioPlay":false,"sceneViewState":{"m_AlwaysRefresh":false,"showFog":true,"showSkybox":true,"showFlares":true,"showImageEffects":true,"showParticleSystems":true,"showVisualEffectGraphs":true,"m_FxEnabled":true},"in2DMode":false,"pivot":{"x":206.03147888183595,"y":266.35400390625,"z":1.055219054222107},"rotation":{"x":-0.0059996554628014568,"y":-0.004204349126666784,"z":-0.000025155648472718894,"w":0.9999734163284302},"size":490.183837890625,"orthographic":false}