{"cameraMode":{"drawMode":0,"name":"Shaded","section":"Shading Mode"},"sceneLighting":false,"audioPlay":false,"sceneViewState":{"m_AlwaysRefresh":false,"showFog":true,"showSkybox":true,"showFlares":true,"showImageEffects":true,"showParticleSystems":true,"showVisualEffectGraphs":true,"m_FxEnabled":true},"in2DMode":false,"pivot":{"x":739.4915161132813,"y":457.0451965332031,"z":2.7124013900756838},"rotation":{"x":0.04196472838521004,"y":0.03326008841395378,"z":-0.0013976620975881816,"w":0.9985648989677429},"size":169.484619140625,"orthographic":false}