{"cameraMode":{"drawMode":0,"name":"Shaded","section":"Shading Mode"},"sceneLighting":false,"audioPlay":false,"sceneViewState":{"m_AlwaysRefresh":false,"showFog":true,"showSkybox":true,"showFlares":true,"showImageEffects":true,"showParticleSystems":true,"showVisualEffectGraphs":true,"m_FxEnabled":true},"in2DMode":false,"pivot":{"x":768.3419189453125,"y":509.3999938964844,"z":-5.5665130615234379},"rotation":{"x":-0.026798412203788759,"y":-0.12086392194032669,"z":-0.0032640129793435337,"w":0.992302417755127},"size":103.15333557128906,"orthographic":false}