{"cameraMode":{"drawMode":0,"name":"Shaded","section":"Shading Mode"},"sceneLighting":false,"audioPlay":false,"sceneViewState":{"m_AlwaysRefresh":false,"showFog":true,"showSkybox":true,"showFlares":true,"showImageEffects":true,"showParticleSystems":true,"showVisualEffectGraphs":true,"m_FxEnabled":true},"in2DMode":false,"pivot":{"x":373.0046081542969,"y":211.68092346191407,"z":21.17708969116211},"rotation":{"x":-0.026798412203788759,"y":-0.12086392194032669,"z":-0.0032640129793435337,"w":0.992302417755127},"size":272.1612854003906,"orthographic":false}