{"cameraMode":{"drawMode":0,"name":"Shaded","section":"Shading Mode"},"sceneLighting":false,"audioPlay":false,"sceneViewState":{"m_AlwaysRefresh":false,"showFog":true,"showSkybox":true,"showFlares":true,"showImageEffects":true,"showParticleSystems":true,"showVisualEffectGraphs":true,"m_FxEnabled":true},"in2DMode":false,"pivot":{"x":12.425676345825196,"y":10.085322380065918,"z":-0.3641384243965149},"rotation":{"x":-0.01943742111325264,"y":-0.07910651713609696,"z":-0.0015426676254719496,"w":0.9966751337051392},"size":52.1817512512207,"orthographic":false}