{"cameraMode":{"drawMode":0,"name":"Shaded","section":"Shading Mode"},"sceneLighting":false,"audioPlay":false,"sceneViewState":{"m_AlwaysRefresh":false,"showFog":true,"showSkybox":true,"showFlares":true,"showImageEffects":true,"showParticleSystems":true,"showVisualEffectGraphs":true,"m_FxEnabled":true},"in2DMode":false,"pivot":{"x":477.48516845703127,"y":54.2874641418457,"z":-215.86285400390626},"rotation":{"x":0.05696935951709747,"y":0.0017926644068211318,"z":-0.00010219909745501354,"w":0.998374342918396},"size":49.226131439208987,"orthographic":false}