{"cameraMode":{"drawMode":0,"name":"Shaded","section":"Shading Mode"},"sceneLighting":false,"audioPlay":false,"sceneViewState":{"m_AlwaysRefresh":false,"showFog":true,"showSkybox":true,"showFlares":true,"showImageEffects":true,"showParticleSystems":true,"showVisualEffectGraphs":true,"m_FxEnabled":true},"in2DMode":false,"pivot":{"x":487.4006652832031,"y":298.8930358886719,"z":-19.24472999572754},"rotation":{"x":0.05696935951709747,"y":0.0017926644068211318,"z":-0.00010219909745501354,"w":0.998374342918396},"size":290.09222412109377,"orthographic":false}