{"cameraMode":{"drawMode":0,"name":"Shaded","section":"Shading Mode"},"sceneLighting":false,"audioPlay":false,"sceneViewState":{"m_AlwaysRefresh":false,"showFog":true,"showSkybox":true,"showFlares":true,"showImageEffects":true,"showParticleSystems":true,"showVisualEffectGraphs":true,"m_FxEnabled":true},"in2DMode":false,"pivot":{"x":231.79727172851563,"y":451.68560791015627,"z":153.245849609375},"rotation":{"x":0.00005622049138764851,"y":0.9999420642852783,"z":0.007499742321670055,"w":-0.007499512750655413},"size":515.2399291992188,"orthographic":false}