{"cameraMode":{"drawMode":0,"name":"Shaded","section":"Shading Mode"},"sceneLighting":false,"audioPlay":false,"sceneViewState":{"m_AlwaysRefresh":false,"showFog":true,"showSkybox":true,"showFlares":true,"showImageEffects":true,"showParticleSystems":true,"showVisualEffectGraphs":true,"m_FxEnabled":true},"in2DMode":false,"pivot":{"x":190.66851806640626,"y":289.5439147949219,"z":-29.21868896484375},"rotation":{"x":0.025497309863567354,"y":0.004793988075107336,"z":-0.00012217652692925185,"w":0.9996643662452698},"size":452.9833984375,"orthographic":false}