{"cameraMode":{"drawMode":0,"name":"Shaded","section":"Shading Mode"},"sceneLighting":false,"audioPlay":false,"sceneViewState":{"m_AlwaysRefresh":false,"showFog":true,"showSkybox":false,"showFlares":true,"showImageEffects":true,"showParticleSystems":true,"showVisualEffectGraphs":true,"m_FxEnabled":true},"in2DMode":false,"pivot":{"x":-67.36634826660156,"y":4.389190196990967,"z":-17.585206985473634},"rotation":{"x":-0.026798412203788759,"y":-0.12086392194032669,"z":-0.0032640129793435337,"w":0.992302417755127},"size":113.40924835205078,"orthographic":false}