{"cameraMode":{"drawMode":0,"name":"Shaded","section":"Shading Mode"},"sceneLighting":false,"audioPlay":false,"sceneViewState":{"m_AlwaysRefresh":false,"showFog":true,"showSkybox":false,"showFlares":true,"showImageEffects":true,"showParticleSystems":true,"showVisualEffectGraphs":true,"m_FxEnabled":true},"in2DMode":false,"pivot":{"x":7.145017623901367,"y":1.5490825176239014,"z":0.9973678588867188},"rotation":{"x":-0.026798412203788759,"y":-0.12086392194032669,"z":-0.0032640129793435337,"w":0.992302417755127},"size":95.00765991210938,"orthographic":false}