{"cameraMode":{"drawMode":0,"name":"Shaded","section":"Shading Mode"},"sceneLighting":false,"audioPlay":false,"sceneViewState":{"m_AlwaysRefresh":false,"showFog":true,"showSkybox":false,"showFlares":true,"showImageEffects":true,"showParticleSystems":true,"showVisualEffectGraphs":true,"m_FxEnabled":true},"in2DMode":false,"pivot":{"x":477.48516845703127,"y":76.4000015258789,"z":-215.86285400390626},"rotation":{"x":0.025497309863567354,"y":0.004793988075107336,"z":-0.00012217652692925185,"w":0.9996643662452698},"size":0.8660253882408142,"orthographic":false}